title,url,duration,thumbnail
I made a Discord Bot that says Choo Choo,https://www.youtube.com/watch?v=AvQcTjB3gPg,1995,https://i.ytimg.com/vi/AvQcTjB3gPg/hqdefault.jpg?sqp=-oaymwEcCNACELwBSFXyq4qpAw4IARUAAIhCGAFwAcABBg==&rs=AOn4CLBnxbml4j7AQBEqRNN6L6EQmAIxww
How to Set Up a Node.js Project,https://www.youtube.com/watch?v=wM3TEvQn2hw,1484,https://i.ytimg.com/vi/wM3TEvQn2hw/hqdefault.jpg?sqp=-oaymwEcCNACELwBSFXyq4qpAw4IARUAAIhCGAFwAcABBg==&rs=AOn4CLAlUlQV639_YZtdLGeNMHtee5rlzA
"Workflow: Terminal, Shell, Node.js, VSCode",https://www.youtube.com/watch?v=46WOuOrMwTQ,1410,https://i.ytimg.com/vi/46WOuOrMwTQ/hqdefault.jpg?sqp=-oaymwEcCNACELwBSFXyq4qpAw4IARUAAIhCGAFwAcABBg==&rs=AOn4CLAFMNNPOUsYOdAZenNRlA3s8LAZAA
Creative Coding for Beginners - Full Course!,https://www.youtube.com/watch?v=4JzDttgdILQ,18377,https://i.ytimg.com/vi/4JzDttgdILQ/hqdefault.jpg?sqp=-oaymwEcCNACELwBSFXyq4qpAw4IARUAAIhCGAFwAcABBg==&rs=AOn4CLDI2aSvso49mtVx454gDSlBI7bBbQ
All aboard the new Coding Train website!,https://www.youtube.com/watch?v=5O2Yw_ldRjA,343,https://i.ytimg.com/vi/5O2Yw_ldRjA/hqdefault.jpg?sqp=-oaymwEcCNACELwBSFXyq4qpAw4IARUAAIhCGAFwAcABBg==&rs=AOn4CLDmzJaJhFXczcnFb0AHGstFuRyRSQ
What was Coding like 40 years ago?,https://www.youtube.com/watch?v=7r83N3c2kPw,1745,https://i.ytimg.com/vi/7r83N3c2kPw/hqdefault.jpg?sqp=-oaymwEcCNACELwBSFXyq4qpAw4IARUAAIhCGAFwAcABBg==&rs=AOn4CLB7ATgc7pQuDoKXLK06oXmd3C3H7A
Local Storage in JavaScript with p5.js,https://www.youtube.com/watch?v=_SRS8b4LcZ8,724,https://i.ytimg.com/vi/_SRS8b4LcZ8/hqdefault.jpg?sqp=-oaymwEcCNACELwBSFXyq4qpAw4IARUAAIhCGAFwAcABBg==&rs=AOn4CLAmSZQxcM42Pq2qFxAIyBpG4aqQ_A
The Anal Retentive Coder,https://www.youtube.com/watch?v=xZ7XEptRtpM,287,https://i.ytimg.com/vi/xZ7XEptRtpM/hqdefault.jpg?sqp=-oaymwEcCNACELwBSFXyq4qpAw4IARUAAIhCGAFwAcABBg==&rs=AOn4CLA7J5CHk2-92wMem5KAQnByemojBg
5.7 Path Following (Steering) - Nature of Code,https://www.youtube.com/watch?v=rlZYT-uvmGQ,941,https://i.ytimg.com/vi/rlZYT-uvmGQ/hqdefault.jpg?sqp=-oaymwEcCNACELwBSFXyq4qpAw4IARUAAIhCGAFwAcABBg==&rs=AOn4CLBmPfEQmlnhTEn45WFsvV4_WA5VfA
Machine Learning and the Computer Mouse (from the 2021 Computer Mouse Conference),https://www.youtube.com/watch?v=h279eYIROIM,1426,https://i.ytimg.com/vi/h279eYIROIM/hqdefault.jpg?sqp=-oaymwEcCNACELwBSFXyq4qpAw4IARUAAIhCGAFwAcABBg==&rs=AOn4CLCmt7ErJ6k82BW2W2hA35HXOUie2w
Guest Conductor: Twirling Tech Goddess,https://www.youtube.com/watch?v=4EOUgfZ-JUE,791,https://i.ytimg.com/vi/4EOUgfZ-JUE/hqdefault.jpg?sqp=-oaymwEcCNACELwBSFXyq4qpAw4IARUAAIhCGAFwAcABBg==&rs=AOn4CLAY10I_wKJI5e78djlgt9DshD9ARw
3.6 Graphing Sine Wave - Nature of Code,https://www.youtube.com/watch?v=JLAc9hMtcxk,621,https://i.ytimg.com/vi/JLAc9hMtcxk/hqdefault.jpg?sqp=-oaymwEcCNACELwBSFXyq4qpAw4IARUAAIhCGAFwAcABBg==&rs=AOn4CLArcejVwtITVr7vbvGBuDozdSUKrw
3.5 Simple Harmonic Motion - Nature of Code,https://www.youtube.com/watch?v=m463X1cqV6s,730,https://i.ytimg.com/vi/m463X1cqV6s/hqdefault.jpg?sqp=-oaymwEcCNACELwBSFXyq4qpAw4IARUAAIhCGAFwAcABBg==&rs=AOn4CLCjWdI9WFNqr8JdIQ6Rtrm5_wvAug
3.3: Angles and Vectors - Nature of Code,https://www.youtube.com/watch?v=oXwCVDXS2Lg,579,https://i.ytimg.com/vi/oXwCVDXS2Lg/hqdefault.jpg?sqp=-oaymwEcCNACELwBSFXyq4qpAw4IARUAAIhCGAFwAcABBg==&rs=AOn4CLB7BcwxaxuTknIxkY8xyCHDzZ3xcQ
3.2 Angular Motion - Nature of Code,https://www.youtube.com/watch?v=i2ROE_mAhU0,593,https://i.ytimg.com/vi/i2ROE_mAhU0/hqdefault.jpg?sqp=-oaymwEcCNACELwBSFXyq4qpAw4IARUAAIhCGAFwAcABBg==&rs=AOn4CLA8yUdxLI73RCJ07_s8Ki-ZvfolBQ
3.1 Angles and Rotation - Nature of Code,https://www.youtube.com/watch?v=DMg-WRfNB60,669,https://i.ytimg.com/vi/DMg-WRfNB60/hqdefault.jpg?sqp=-oaymwEcCNACELwBSFXyq4qpAw4IARUAAIhCGAFwAcABBg==&rs=AOn4CLBGe0l-lEimErtzkHNYHvPbm8JC8Q
Discord Bots 6: Building a Command Handler,https://www.youtube.com/watch?v=B60Q74FHFBQ,1166,https://i.ytimg.com/vi/B60Q74FHFBQ/hqdefault.jpg?sqp=-oaymwEcCNACELwBSFXyq4qpAw4IARUAAIhCGAFwAcABBg==&rs=AOn4CLAszYGw1Rb5z71AHInmX943jj6rCQ
Discord Bots 5: Posting GIFs,https://www.youtube.com/watch?v=9P1rB2MY4ZA,908,https://i.ytimg.com/vi/9P1rB2MY4ZA/hqdefault.jpg?sqp=-oaymwEcCNACELwBSFXyq4qpAw4IARUAAIhCGAFwAcABBg==&rs=AOn4CLAvhED96fuXkiQTcVuqKbASDjK4Ag
Discord Bots 4: Hiding API Keys with .env,https://www.youtube.com/watch?v=G2Yns7NUSq4,381,https://i.ytimg.com/vi/G2Yns7NUSq4/hqdefault.jpg?sqp=-oaymwEcCNACELwBSFXyq4qpAw4IARUAAIhCGAFwAcABBg==&rs=AOn4CLDanbsnsCtL7buIGJ3lXHJk90LbFw
Discord Bots 3: Coding a Bot with discord.js,https://www.youtube.com/watch?v=8k-zyUyuvlM,1140,https://i.ytimg.com/vi/8k-zyUyuvlM/hqdefault.jpg?sqp=-oaymwEcCNACELwBSFXyq4qpAw4IARUAAIhCGAFwAcABBg==&rs=AOn4CLBGdahnNLTagg41irp_wXZuotu2kQ
Discord Bots 2: Discord Developer Portal,https://www.youtube.com/watch?v=ibtXXoMxaho,465,https://i.ytimg.com/vi/ibtXXoMxaho/hqdefault.jpg?sqp=-oaymwEcCNACELwBSFXyq4qpAw4IARUAAIhCGAFwAcABBg==&rs=AOn4CLD4z8JiYOiHUykvrz_Fpt4pIB-o-w
Discord Bots 1: Introduction,https://www.youtube.com/watch?v=7A-bnPlxj4k,627,https://i.ytimg.com/vi/7A-bnPlxj4k/hqdefault.jpg?sqp=-oaymwEcCNACELwBSFXyq4qpAw4IARUAAIhCGAFwAcABBg==&rs=AOn4CLBEHIFnb-RIA5J6kdUXq16A-W2edA
Hosting a p5.js sketch with GitHub Pages,https://www.youtube.com/watch?v=ZneWjyn18e8,1049,https://i.ytimg.com/vi/ZneWjyn18e8/hqdefault.jpg?sqp=-oaymwEcCNACELwBSFXyq4qpAw4IARUAAIhCGAFwAcABBg==&rs=AOn4CLDVYWFlid0IVPHxcyLujnISKmWC3w
Coding Marching Squares,https://www.youtube.com/watch?v=0ZONMNUKTfU,1588,https://i.ytimg.com/vi/0ZONMNUKTfU/hqdefault.jpg?sqp=-oaymwEcCNACELwBSFXyq4qpAw4IARUAAIhCGAFwAcABBg==&rs=AOn4CLB1BFS6n0RO_5UIRmY2tyhS3bbILg
Guest Conductor: Amigoscode,https://www.youtube.com/watch?v=SSSRI4TwloA,902,https://i.ytimg.com/vi/SSSRI4TwloA/hqdefault.jpg?sqp=-oaymwEcCNACELwBSFXyq4qpAw4IARUAAIhCGAFwAcABBg==&rs=AOn4CLCLZlEqo7_T6f8HbAX4UKb-RLFiLQ
Coding Worley Noise,https://www.youtube.com/watch?v=4066MndcyCk,940,https://i.ytimg.com/vi/4066MndcyCk/hqdefault.jpg?sqp=-oaymwEcCNACELwBSFXyq4qpAw4IARUAAIhCGAFwAcABBg==&rs=AOn4CLAcFgWV4sFDQm1k55HBH_JwNXNHfg
Introduction,https://www.youtube.com/watch?v=3slqsMHKLng,75,https://i.ytimg.com/vi/3slqsMHKLng/hqdefault.jpg?sqp=-oaymwEcCNACELwBSFXyq4qpAw4IARUAAIhCGAFwAcABBg==&rs=AOn4CLAKSA04NCIt8RSGhhO6tJxguY799g
Coding the Hilbert Curve,https://www.youtube.com/watch?v=dSK-MW-zuAc,1688,https://i.ytimg.com/vi/dSK-MW-zuAc/hqdefault.jpg?sqp=-oaymwEcCNACELwBSFXyq4qpAw4IARUAAIhCGAFwAcABBg==&rs=AOn4CLDzeSTAvS5yn-kWvpoUUIkbIzDytQ
ITP/IMA Winter Show 2019,https://www.youtube.com/watch?v=0LMNNsxPfJU,1071,https://i.ytimg.com/vi/0LMNNsxPfJU/hqdefault.jpg?sqp=-oaymwEcCNACELwBSFXyq4qpAw4IARUAAIhCGAFwAcABBg==&rs=AOn4CLC8DgpnF5QX-bHtnNzYhcsinbnR3w
ml5: Neural Network Regression,https://www.youtube.com/watch?v=fFzvwdkzr_c,591,https://i.ytimg.com/vi/fFzvwdkzr_c/hqdefault.jpg?sqp=-oaymwEcCNACELwBSFXyq4qpAw4IARUAAIhCGAFwAcABBg==&rs=AOn4CLBdxRd2fuWjG8a_ahJuUHoZGqcD8A
ml5: Save Neural Network Trained Model,https://www.youtube.com/watch?v=wUrg9Hjkhg0,657,https://i.ytimg.com/vi/wUrg9Hjkhg0/hqdefault.jpg?sqp=-oaymwEcCNACELwBSFXyq4qpAw4IARUAAIhCGAFwAcABBg==&rs=AOn4CLCzh-9FlRcu1Csbtxf8QRB1UKBRjQ
Teachable Machine 3: Sound Classifiication,https://www.youtube.com/watch?v=TOrVsLklltM,874,https://i.ytimg.com/vi/TOrVsLklltM/hqdefault.jpg?sqp=-oaymwEcCNACELwBSFXyq4qpAw4IARUAAIhCGAFwAcABBg==&rs=AOn4CLBoQZ85MmiQ8CApRubcHM6XJ7rMTg
Teachable Machine 2: Snake Game,https://www.youtube.com/watch?v=UPgxnGC8oBU,479,https://i.ytimg.com/vi/UPgxnGC8oBU/hqdefault.jpg?sqp=-oaymwEcCNACELwBSFXyq4qpAw4IARUAAIhCGAFwAcABBg==&rs=AOn4CLBtQbKhQU9oi7HxZdicfu2CcdsfFQ
Teachable Machine 1: Image Classification,https://www.youtube.com/watch?v=kwcillcWOg0,1202,https://i.ytimg.com/vi/kwcillcWOg0/hqdefault.jpg?sqp=-oaymwEcCNACELwBSFXyq4qpAw4IARUAAIhCGAFwAcABBg==&rs=AOn4CLCz132l0PYVz4TVN0aSPdtikxdj5A
Coding the Collatz Conjecture,https://www.youtube.com/watch?v=EYLWxwo1Ed8,1388,https://i.ytimg.com/vi/EYLWxwo1Ed8/hqdefault.jpg?sqp=-oaymwEcCNACELwBSFXyq4qpAw4IARUAAIhCGAFwAcABBg==&rs=AOn4CLDimx0Yvz0-T92mCDYOIObSZAnhPA
Coding the Maurer Rose,https://www.youtube.com/watch?v=4uU9lZ-HSqA,781,https://i.ytimg.com/vi/4uU9lZ-HSqA/hqdefault.jpg?sqp=-oaymwEcCNACELwBSFXyq4qpAw4IARUAAIhCGAFwAcABBg==&rs=AOn4CLB1TpqJFy7aZOas1z5IGphSeMuEmQ
Introduction to Runway: Machine Learning for Creators (Part 2),https://www.youtube.com/watch?v=7btNir5L8Jc,1439,https://i.ytimg.com/vi/7btNir5L8Jc/hqdefault.jpg?sqp=-oaymwEcCNACELwBSFXyq4qpAw4IARUAAIhCGAFwAcABBg==&rs=AOn4CLAD9eq20q6xvzHC66yJDnGK8wwJ2g
Introduction to Runway: Machine Learning for Creators (Part 1),https://www.youtube.com/watch?v=ARnf4ilr9Hc,1060,https://i.ytimg.com/vi/ARnf4ilr9Hc/hqdefault.jpg?sqp=-oaymwEcCNACELwBSFXyq4qpAw4IARUAAIhCGAFwAcABBg==&rs=AOn4CLBhKMt0-LVi7oEir9tMeo3Pxc6iAg
Behind the Scenes of The Coding Train: How I Livestream,https://www.youtube.com/watch?v=sqkwHUyV-YY,670,https://i.ytimg.com/vi/sqkwHUyV-YY/hqdefault.jpg?sqp=-oaymwEcCNACELwBSFXyq4qpAw4IARUAAIhCGAFwAcABBg==&rs=AOn4CLCpbwPWHdWh_rP92sMn23CbybJT8Q
How to add your contribution to The Coding Train website,https://www.youtube.com/watch?v=fkIr0inoQ7Y,723,https://i.ytimg.com/vi/fkIr0inoQ7Y/hqdefault.jpg?sqp=-oaymwEcCNACELwBSFXyq4qpAw4IARUAAIhCGAFwAcABBg==&rs=AOn4CLCq5CZQuyajI60rYcNps-e-MM_Q9g
How to Make a Processing (Java) Library Part 2,https://www.youtube.com/watch?v=U0TGZCEWn8g,1319,https://i.ytimg.com/vi/U0TGZCEWn8g/hqdefault.jpg?sqp=-oaymwEcCNACELwBSFXyq4qpAw4IARUAAIhCGAFwAcABBg==&rs=AOn4CLB0uwvrC8NncaubwyGvo-qjurB7pQ
How to Make a Processing (Java) Library Part 1,https://www.youtube.com/watch?v=pI2gvl9sdtE,1036,https://i.ytimg.com/vi/pI2gvl9sdtE/hqdefault.jpg?sqp=-oaymwEcCNACELwBSFXyq4qpAw4IARUAAIhCGAFwAcABBg==&rs=AOn4CLDzREJppnn0Uu1SxTty48PQ-e_SHg
Whoops,https://www.youtube.com/watch?v=QYjPBcqo1-s,30,https://i.ytimg.com/vi/QYjPBcqo1-s/hqdefault.jpg?sqp=-oaymwEcCNACELwBSFXyq4qpAw4IARUAAIhCGAFwAcABBg==&rs=AOn4CLA5tZ2_bCdy7cbCOEDaf2yKbPpnAg
Setup: Everything you need to begin the course Working with Data and APIs in JavaScript,https://www.youtube.com/watch?v=hPbDyqzxQfU,234,https://i.ytimg.com/vi/hPbDyqzxQfU/hqdefault.jpg?sqp=-oaymwEcCNACELwBSFXyq4qpAw4IARUAAIhCGAFwAcABBg==&rs=AOn4CLCswomU4P25tQ3d62r4p8xw4ipKkQ
Working with Data and APIs in JavaScript,https://www.youtube.com/watch?v=DbcLg8nRWEg,116,https://i.ytimg.com/vi/DbcLg8nRWEg/hqdefault.jpg?sqp=-oaymwEcCNACELwBSFXyq4qpAw4IARUAAIhCGAFwAcABBg==&rs=AOn4CLBoXpIY5O3fHsqbE0hqCe_TWGeEkQ
ITP/IMA Spring Show 2019,https://www.youtube.com/watch?v=3Dzc6bwpBR0,1151,https://i.ytimg.com/vi/3Dzc6bwpBR0/hqdefault.jpg?sqp=-oaymwEcCNACELwBSFXyq4qpAw4IARUAAIhCGAFwAcABBg==&rs=AOn4CLAFt55vAtFukjtW-duviJagrue9mw
3.5 Web Application Deployment (Glitch and Heroku) - Working with Data and APIs in JavaScript,https://www.youtube.com/watch?v=Rz886HkV1j4,1150,https://i.ytimg.com/vi/Rz886HkV1j4/hqdefault.jpg?sqp=-oaymwEcCNACELwBSFXyq4qpAw4IARUAAIhCGAFwAcABBg==&rs=AOn4CLA34jAaNxUl2X21fyu-_eqLDoKubA
3.4 Hiding API Keys with Environment Variables (dotenv) and Pushing Code to GitHub,https://www.youtube.com/watch?v=17UVejOw3zA,711,https://i.ytimg.com/vi/17UVejOw3zA/hqdefault.jpg?sqp=-oaymwEcCNACELwBSFXyq4qpAw4IARUAAIhCGAFwAcABBg==&rs=AOn4CLCGJQWCPhnSvEjc6SklEKn26ElzUg
3.3 Mapping Database Entries with Leaflet.js - Working with Data and APIs in JavaScript,https://www.youtube.com/watch?v=r94kI6my0QQ,827,https://i.ytimg.com/vi/r94kI6my0QQ/hqdefault.jpg?sqp=-oaymwEcCNACELwBSFXyq4qpAw4IARUAAIhCGAFwAcABBg==&rs=AOn4CLCUvIWI-f5EPF6s0WA2KgsdmZ8CDw
3.2 Open Air Quality API in Node.js - Working with Data and APIs in JavaScript,https://www.youtube.com/watch?v=Tiot877orkU,965,https://i.ytimg.com/vi/Tiot877orkU/hqdefault.jpg?sqp=-oaymwEcCNACELwBSFXyq4qpAw4IARUAAIhCGAFwAcABBg==&rs=AOn4CLAT770zX2nRUes4213SYUB_9v0xUQ
3.1 API calls from Node.js (Weather data from Dark Sky) - Working with Data and APIs in JavaScript,https://www.youtube.com/watch?v=ZtLVbJk7KcM,1070,https://i.ytimg.com/vi/ZtLVbJk7KcM/hqdefault.jpg?sqp=-oaymwEcCNACELwBSFXyq4qpAw4IARUAAIhCGAFwAcABBg==&rs=AOn4CLCbAAO3aDgr4wKT7tgsIDIWdtLrxw
2.7 Project Wrap-up: Accessibility and Design - Working with Data and APIs in JavaScript,https://www.youtube.com/watch?v=1mnpn6q25FI,707,https://i.ytimg.com/vi/1mnpn6q25FI/hqdefault.jpg?sqp=-oaymwEcCNACELwBSFXyq4qpAw4IARUAAIhCGAFwAcABBg==&rs=AOn4CLAQ-2Q8atb1ly_jbE8cIEnc6A2TsQ
2.6 Saving Images and Base64 Encoding - Working with Data and APIs in JavaScript,https://www.youtube.com/watch?v=9Rhsb3GU2Iw,772,https://i.ytimg.com/vi/9Rhsb3GU2Iw/hqdefault.jpg?sqp=-oaymwEcCNACELwBSFXyq4qpAw4IARUAAIhCGAFwAcABBg==&rs=AOn4CLDywAk7HTytLgOJ4Ovr295vLNnpsw
2.5 Database Query - Working with Data and APIs in JavaScript,https://www.youtube.com/watch?v=q-lUgFxwjEM,785,https://i.ytimg.com/vi/q-lUgFxwjEM/hqdefault.jpg?sqp=-oaymwEcCNACELwBSFXyq4qpAw4IARUAAIhCGAFwAcABBg==&rs=AOn4CLAqCJM10MV9jMpMtO1DmHgRtaNmNw
2.4 Saving to a Database - Working with Data and APIs in JavaScript,https://www.youtube.com/watch?v=xVYa20DCUv0,678,https://i.ytimg.com/vi/xVYa20DCUv0/hqdefault.jpg?sqp=-oaymwEcCNACELwBSFXyq4qpAw4IARUAAIhCGAFwAcABBg==&rs=AOn4CLDJDMLGccCz-9l-wLeMgT9sPhQwTw
2.3 HTTP Post Request with fetch() - Working with Data and APIs in JavaScript,https://www.youtube.com/watch?v=Kw5tC5nQMRY,962,https://i.ytimg.com/vi/Kw5tC5nQMRY/hqdefault.jpg?sqp=-oaymwEcCNACELwBSFXyq4qpAw4IARUAAIhCGAFwAcABBg==&rs=AOn4CLAK7rxJkUmqRULVmaixVK_FGqcuIw
2.2 Geolocation Web API - Working with Data and APIs in JavaScript,https://www.youtube.com/watch?v=3ls013DBcww,904,https://i.ytimg.com/vi/3ls013DBcww/hqdefault.jpg?sqp=-oaymwEcCNACELwBSFXyq4qpAw4IARUAAIhCGAFwAcABBg==&rs=AOn4CLB8uFC1oKxiY9_Q04fVYIVwaVQBtw
2.1 Server-side with Node.js - Working with Data and APIs in JavaScript,https://www.youtube.com/watch?v=wxbQP1LMZsw,1097,https://i.ytimg.com/vi/wxbQP1LMZsw/hqdefault.jpg?sqp=-oaymwEcCNACELwBSFXyq4qpAw4IARUAAIhCGAFwAcABBg==&rs=AOn4CLAOT7jNj3e4uSBMnxRD4ZH3c9IUOg
1.6 Refreshing Data with setInterval() - Working with Data and APIs in JavaScript,https://www.youtube.com/watch?v=jKQUHGpOHqg,524,https://i.ytimg.com/vi/jKQUHGpOHqg/hqdefault.jpg?sqp=-oaymwEcCNACELwBSFXyq4qpAw4IARUAAIhCGAFwAcABBg==&rs=AOn4CLDLl0K3WVptbKMtqUGRHF6dKMvtIQ
1.5 Mapping Geolocation with Leaflet.js - Working with Data and APIs in JavaScript,https://www.youtube.com/watch?v=nZaZ2dB6pow,922,https://i.ytimg.com/vi/nZaZ2dB6pow/hqdefault.jpg?sqp=-oaymwEcCNACELwBSFXyq4qpAw4IARUAAIhCGAFwAcABBg==&rs=AOn4CLDLQWI-U2hzjpkdTuli1jgRcX5VEw
1.4: JSON - Working with Data and APIs in JavaScript,https://www.youtube.com/watch?v=uxf0--uiX0I,982,https://i.ytimg.com/vi/uxf0--uiX0I/hqdefault.jpg?sqp=-oaymwEcCNACELwBSFXyq4qpAw4IARUAAIhCGAFwAcABBg==&rs=AOn4CLCFnSvD84m3zDmAs5DcCxiF7M13ew
1.3: Graphing with Chart.js - Working With Data & APIs in JavaScript,https://www.youtube.com/watch?v=5-ptp9tRApM,1186,https://i.ytimg.com/vi/5-ptp9tRApM/hqdefault.jpg?sqp=-oaymwEcCNACELwBSFXyq4qpAw4IARUAAIhCGAFwAcABBg==&rs=AOn4CLDIfyvPuW_LLXPXW3qjtoBaVF3X-A
1.2 Tabular Data - Working With Data & APIs in JavaScript,https://www.youtube.com/watch?v=RfMkdvN-23o,1035,https://i.ytimg.com/vi/RfMkdvN-23o/hqdefault.jpg?sqp=-oaymwEcCNACELwBSFXyq4qpAw4IARUAAIhCGAFwAcABBg==&rs=AOn4CLDruAqG78Cc3c-3S8VxymJfld0AKQ
1.1: fetch() - Working With Data & APIs in JavaScript,https://www.youtube.com/watch?v=tc8DU14qX6I,939,https://i.ytimg.com/vi/tc8DU14qX6I/hqdefault.jpg?sqp=-oaymwEcCNACELwBSFXyq4qpAw4IARUAAIhCGAFwAcABBg==&rs=AOn4CLDyigO-vHs-Y1bCwtbQ6Lfza9C1YA
11.3 Neuroevolution Flappy Bird with TensorFlow.js,https://www.youtube.com/watch?v=cdUNkwXx-I4,2780,https://i.ytimg.com/vi/cdUNkwXx-I4/hqdefault.jpg?sqp=-oaymwEcCNACELwBSFXyq4qpAw4IARUAAIhCGAFwAcABBg==&rs=AOn4CLAsVWgbA1R97gQJLh0Exs9X3gUPuQ
Code! Programming with p5.js for Beginners Trailer,https://www.youtube.com/watch?v=HerCR8bw_GE,56,https://i.ytimg.com/vi/HerCR8bw_GE/hqdefault.jpg?sqp=-oaymwEcCNACELwBSFXyq4qpAw4IARUAAIhCGAFwAcABBg==&rs=AOn4CLA9E2WDuLA6JLlCmx4YAf-YaUoIdw
I.7 : What is OpenSimplex Noise?,https://www.youtube.com/watch?v=Lv9gyZZJPE0,1066,https://i.ytimg.com/vi/Lv9gyZZJPE0/hqdefault.jpg?sqp=-oaymwEcCNACELwBSFXyq4qpAw4IARUAAIhCGAFwAcABBg==&rs=AOn4CLBBKtHi7j_lOSAZm5WtvJVEiZ4sIg
ITP/IMA Winter Show 2018,https://www.youtube.com/watch?v=02z_yyHAm-U,790,https://i.ytimg.com/vi/02z_yyHAm-U/hqdefault.jpg?sqp=-oaymwEcCNACELwBSFXyq4qpAw4IARUAAIhCGAFwAcABBg==&rs=AOn4CLBVrWFZ0b7yEELbmk-g2HAeMPP_Jw
Guest: Cognimates with Stefania Druga,https://www.youtube.com/watch?v=kg2G26TWjY4,1253,https://i.ytimg.com/vi/kg2G26TWjY4/hqdefault.jpg?sqp=-oaymwEcCNACELwBSFXyq4qpAw4IARUAAIhCGAFwAcABBg==&rs=AOn4CLCFEumGkEgaFpCP-SRcf_q3EGxmTg
Text Generation with LSTM and Spell with Nabil Hassein,https://www.youtube.com/watch?v=xfuVcfwtEyw,2437,https://i.ytimg.com/vi/xfuVcfwtEyw/hqdefault.jpg?sqp=-oaymwEcCNACELwBSFXyq4qpAw4IARUAAIhCGAFwAcABBg==&rs=AOn4CLAwylcTrYMehm3E_OaO7UJoTsN5XQ
4.7: Mastodon Bot - Replying to a Mention,https://www.youtube.com/watch?v=myPWWrkq5t0,509,https://i.ytimg.com/vi/myPWWrkq5t0/hqdefault.jpg?sqp=-oaymwEcCNACELwBSFXyq4qpAw4IARUAAIhCGAFwAcABBg==&rs=AOn4CLAjKtbuJ6tKJVS_hzQuA3VZcZGR7w
4.6: Mastodon Bot - Managing User Events,https://www.youtube.com/watch?v=yFVc-LnBrEc,748,https://i.ytimg.com/vi/yFVc-LnBrEc/hqdefault.jpg?sqp=-oaymwEcCNACELwBSFXyq4qpAw4IARUAAIhCGAFwAcABBg==&rs=AOn4CLDb0859Ben7BpLBQ-44s7ISswbuJw
4.5: Mastodon Bot - Streaming API,https://www.youtube.com/watch?v=4hJykkzjXYY,627,https://i.ytimg.com/vi/4hJykkzjXYY/hqdefault.jpg?sqp=-oaymwEcCNACELwBSFXyq4qpAw4IARUAAIhCGAFwAcABBg==&rs=AOn4CLBIXUARcay3bXmSv1yTD-_ke_PZSg
4.4: Mastodon Bot - Posting with setInterval(),https://www.youtube.com/watch?v=dHI3cUhNWRg,702,https://i.ytimg.com/vi/dHI3cUhNWRg/hqdefault.jpg?sqp=-oaymwEcCNACELwBSFXyq4qpAw4IARUAAIhCGAFwAcABBg==&rs=AOn4CLCRKAbM_3MCguhjoYlhrEgIJmSHxw
4.3: Mastodon Bot - Environment Variables in Node with dotenv,https://www.youtube.com/watch?v=B8ireAeWRQk,373,https://i.ytimg.com/vi/B8ireAeWRQk/hqdefault.jpg?sqp=-oaymwEcCNACELwBSFXyq4qpAw4IARUAAIhCGAFwAcABBg==&rs=AOn4CLCVVYZB2YFcBVywWxptLczMG_T0Zw
4.2: Mastodon Bot - Setting up a Mastodon Bot,https://www.youtube.com/watch?v=pY4b18JGCKE,1008,https://i.ytimg.com/vi/pY4b18JGCKE/hqdefault.jpg?sqp=-oaymwEcCNACELwBSFXyq4qpAw4IARUAAIhCGAFwAcABBg==&rs=AOn4CLADZfxgYcArsGAv4Kj6x9Gyw-VPag
4.1: Mastodon Bot - What is Mastodon?,https://www.youtube.com/watch?v=sKSxBd56H70,661,https://i.ytimg.com/vi/sKSxBd56H70/hqdefault.jpg?sqp=-oaymwEcCNACELwBSFXyq4qpAw4IARUAAIhCGAFwAcABBg==&rs=AOn4CLDQvtiS1lZCXxntT7_VMUZz8AIoiw
6.4: p5.js Web Editor: Adding JavaScript Files,https://www.youtube.com/watch?v=5nf41qLeagU,330,https://i.ytimg.com/vi/5nf41qLeagU/hqdefault.jpg?sqp=-oaymwEcCNACELwBSFXyq4qpAw4IARUAAIhCGAFwAcABBg==&rs=AOn4CLD5k5Rg-R40yN9q-k4SokvG3lnEMQ
Style Transfer Part 1: Training a model with on Spell with Yining Shi,https://www.youtube.com/watch?v=STHRNIJc-vI,1859,https://i.ytimg.com/vi/STHRNIJc-vI/hqdefault.jpg?sqp=-oaymwEcCNACELwBSFXyq4qpAw4IARUAAIhCGAFwAcABBg==&rs=AOn4CLC7C7-FnTxud27MNs0wGDjAJylkgg
Workflow: Python and Virtualenv,https://www.youtube.com/watch?v=nnhjvHYRsmM,1134,https://i.ytimg.com/vi/nnhjvHYRsmM/hqdefault.jpg?sqp=-oaymwEcCNACELwBSFXyq4qpAw4IARUAAIhCGAFwAcABBg==&rs=AOn4CLA2sZwT8ES1q01sKwaVVP311MQKGQ
Workflow: Node,https://www.youtube.com/watch?v=FjWbUK2HdCo,821,https://i.ytimg.com/vi/FjWbUK2HdCo/hqdefault.jpg?sqp=-oaymwEcCNACELwBSFXyq4qpAw4IARUAAIhCGAFwAcABBg==&rs=AOn4CLCbSS1lLhyXu_sOgCT78ZDvE56qxA
Workflow: Git,https://www.youtube.com/watch?v=_sLgRBrZh6o,398,https://i.ytimg.com/vi/_sLgRBrZh6o/hqdefault.jpg?sqp=-oaymwEcCNACELwBSFXyq4qpAw4IARUAAIhCGAFwAcABBg==&rs=AOn4CLBnAFAB148uYBut38mi54sNzDk4HQ
Workflow: Shell,https://www.youtube.com/watch?v=FnkkzgYuXUM,810,https://i.ytimg.com/vi/FnkkzgYuXUM/hqdefault.jpg?sqp=-oaymwEcCNACELwBSFXyq4qpAw4IARUAAIhCGAFwAcABBg==&rs=AOn4CLC_qLAgls4VXB8pgES4o7-04X8E0g
Workflow: Visual Studio Code,https://www.youtube.com/watch?v=yJw0SyKO9IU,711,https://i.ytimg.com/vi/yJw0SyKO9IU/hqdefault.jpg?sqp=-oaymwEcCNACELwBSFXyq4qpAw4IARUAAIhCGAFwAcABBg==&rs=AOn4CLCdGDvdbqsSkhFgloiZXSZOnd_IrQ
Introduction to Spell (for Machine Learning in the Cloud),https://www.youtube.com/watch?v=ggBOAPtFjYU,1568,https://i.ytimg.com/vi/ggBOAPtFjYU/hqdefault.jpg?sqp=-oaymwEcCNACELwBSFXyq4qpAw4IARUAAIhCGAFwAcABBg==&rs=AOn4CLCfbSkVilk7Q19ppnfhekF6bgsVVg
Introduction to My Workflow,https://www.youtube.com/watch?v=gJa6wri8YNQ,550,https://i.ytimg.com/vi/gJa6wri8YNQ/hqdefault.jpg?sqp=-oaymwEcCNACELwBSFXyq4qpAw4IARUAAIhCGAFwAcABBg==&rs=AOn4CLCPig1WN0Xm1GXXwy8UNKoiKCNBGA
How to Comment Your Code in p5.js (1.6),https://www.youtube.com/watch?v=xJcrPJuem5Q,374,https://i.ytimg.com/vi/xJcrPJuem5Q/hqdefault.jpg?sqp=-oaymwEcCNACELwBSFXyq4qpAw4IARUAAIhCGAFwAcABBg==&rs=AOn4CLA5UoEuCN_xDP3vChCT3eavPO_ioQ
Whoops! Errors in the p5.js Web Editor (1.5),https://www.youtube.com/watch?v=LuGsp5KeJMM,397,https://i.ytimg.com/vi/LuGsp5KeJMM/hqdefault.jpg?sqp=-oaymwEcCNACELwBSFXyq4qpAw4IARUAAIhCGAFwAcABBg==&rs=AOn4CLAjmKAANLxnQ0W1FikBFl-vnfDsZg
RGB Color in p5.js for Beginners (1.4),https://www.youtube.com/watch?v=riiJTF5-N7c,1046,https://i.ytimg.com/vi/riiJTF5-N7c/hqdefault.jpg?sqp=-oaymwEcCNACELwBSFXyq4qpAw4IARUAAIhCGAFwAcABBg==&rs=AOn4CLCtI6cPGHjqjCBlQeyOrLsOvDSi-g
Drawing Shapes in p5.js for Beginners (1.3),https://www.youtube.com/watch?v=c3TeLi6Ns1E,1547,https://i.ytimg.com/vi/c3TeLi6Ns1E/hqdefault.jpg?sqp=-oaymwEcCNACELwBSFXyq4qpAw4IARUAAIhCGAFwAcABBg==&rs=AOn4CLDgdy1M2rHYxQL7NNJ-8awAewzLYw
How to Use to p5.js Web Editor (1.2),https://www.youtube.com/watch?v=MXs1cOlidWs,462,https://i.ytimg.com/vi/MXs1cOlidWs/hqdefault.jpg?sqp=-oaymwEcCNACELwBSFXyq4qpAw4IARUAAIhCGAFwAcABBg==&rs=AOn4CLDP-QvPk5gm5SCuJDNSK96odm7BCg
Creative Coding for Beginners with p5.js (1.1),https://www.youtube.com/watch?v=yPWkPOfnGsw,791,https://i.ytimg.com/vi/yPWkPOfnGsw/hqdefault.jpg?sqp=-oaymwEcCNACELwBSFXyq4qpAw4IARUAAIhCGAFwAcABBg==&rs=AOn4CLDrWI9DoaOny1-ftqXvDOsUQf29aQ
Matrix Multiplication for 3D Rendering,https://www.youtube.com/watch?v=tzsgS19RRc8,1436,https://i.ytimg.com/vi/tzsgS19RRc8/hqdefault.jpg?sqp=-oaymwEcCNACELwBSFXyq4qpAw4IARUAAIhCGAFwAcABBg==&rs=AOn4CLDwnT-7ySOowV4t-5TQp81n5St5Jw
16.14: async/await Part 2 - Topics of JavaScript/ES8,https://www.youtube.com/watch?v=chavThlNz3s,608,https://i.ytimg.com/vi/chavThlNz3s/hqdefault.jpg?sqp=-oaymwEcCNACELwBSFXyq4qpAw4IARUAAIhCGAFwAcABBg==&rs=AOn4CLDDHQkZYO07wIqicy1iFp2c9idCOA
16.13: async/await Part 1 - Topics of JavaScript/ES8,https://www.youtube.com/watch?v=XO77Fib9tSI,401,https://i.ytimg.com/vi/XO77Fib9tSI/hqdefault.jpg?sqp=-oaymwEcCNACELwBSFXyq4qpAw4IARUAAIhCGAFwAcABBg==&rs=AOn4CLAoIlSo8SAu_XlhA8MLCMmb9s82kg
ITP Spring Show 2018,https://www.youtube.com/watch?v=qVYd1HQFcGg,1220,https://i.ytimg.com/vi/qVYd1HQFcGg/hqdefault.jpg?sqp=-oaymwEcCNACELwBSFXyq4qpAw4IARUAAIhCGAFwAcABBg==&rs=AOn4CLDnuir1U82LlWq3ntZmGT15jk6r1A
Live Stream Archive - ITP Spring Show 2018 (Better Audio),https://www.youtube.com/watch?v=YVmVYuUj6yE,7529,https://i.ytimg.com/vi/YVmVYuUj6yE/hqdefault.jpg?sqp=-oaymwEcCNACELwBSFXyq4qpAw4IARUAAIhCGAFwAcABBg==&rs=AOn4CLA6C2sYO2tixCutzpywEuU9APlTXQ
Guest Tutorial #11: Hardware + JavaScript with noopkat,https://www.youtube.com/watch?v=Xtnitfj_e10,3291,https://i.ytimg.com/vi/Xtnitfj_e10/hqdefault.jpg?sqp=-oaymwEcCNACELwBSFXyq4qpAw4IARUAAIhCGAFwAcABBg==&rs=AOn4CLAKgTKSFqfW22K7mRnGV_m8NoLl_A
Guest Tutorial #10: Kinectron with Lisa Jamhoury,https://www.youtube.com/watch?v=BV6xK3EOznI,1336,https://i.ytimg.com/vi/BV6xK3EOznI/hqdefault.jpg?sqp=-oaymwEcCNACELwBSFXyq4qpAw4IARUAAIhCGAFwAcABBg==&rs=AOn4CLBTK9V7TalDGGE1E8dxXBQMFCYt1Q
Guest Tutorial #9: Color Predictor with Jabril,https://www.youtube.com/watch?v=iN3WAko2rL8,1719,https://i.ytimg.com/vi/iN3WAko2rL8/hqdefault.jpg?sqp=-oaymwEcCNACELwBSFXyq4qpAw4IARUAAIhCGAFwAcABBg==&rs=AOn4CLD6vmCdpsohNMsC-TrZISZy3ZMs3A
Adding a Function to p5.js,https://www.youtube.com/watch?v=Rr3vLyP1Ods,2804,https://i.ytimg.com/vi/Rr3vLyP1Ods/hqdefault.jpg?sqp=-oaymwEcCNACELwBSFXyq4qpAw4IARUAAIhCGAFwAcABBg==&rs=AOn4CLAxCmUv6kURb1_O3ylau7BRTsx44w
Guest Tutorial #8: Phaser Game Development with Catt Small,https://www.youtube.com/watch?v=T9kOFSFvgKc,2286,https://i.ytimg.com/vi/T9kOFSFvgKc/hqdefault.jpg?sqp=-oaymwEcCNACELwBSFXyq4qpAw4IARUAAIhCGAFwAcABBg==&rs=AOn4CLBXNWfNxK7OOlxxmFVQvl4QWa3x6A
Guest: John Henry Thompson,https://www.youtube.com/watch?v=DvS4h-1Eyu4,1887,https://i.ytimg.com/vi/DvS4h-1Eyu4/hqdefault.jpg?sqp=-oaymwEcCNACELwBSFXyq4qpAw4IARUAAIhCGAFwAcABBg==&rs=AOn4CLDvhnKXHeqlbVab5AVDOaWSvGSjAw
1.10: Git Remotes - Git and GitHub for Poets,https://www.youtube.com/watch?v=lR_hYwCAaH4,835,https://i.ytimg.com/vi/lR_hYwCAaH4/hqdefault.jpg?sqp=-oaymwEcCNACELwBSFXyq4qpAw4IARUAAIhCGAFwAcABBg==&rs=AOn4CLA6gXxNd4IdMK9CyJi2kR0FvEAjBA
Linting with ESLint,https://www.youtube.com/watch?v=clzTwZgMlqE,1709,https://i.ytimg.com/vi/clzTwZgMlqE/hqdefault.jpg?sqp=-oaymwEcCNACELwBSFXyq4qpAw4IARUAAIhCGAFwAcABBg==&rs=AOn4CLBii7zh9JL1oijePG6cb6s2cPut7A
1.9: Resolving Merge Conflicts - Git and GitHub for Poets,https://www.youtube.com/watch?v=JtIX3HJKwfo,529,https://i.ytimg.com/vi/JtIX3HJKwfo/hqdefault.jpg?sqp=-oaymwEcCNACELwBSFXyq4qpAw4IARUAAIhCGAFwAcABBg==&rs=AOn4CLCDLUSuQcMfk5yVGxGgNuCkDvdoFg
CircleCI Part 4: Matrix Library Testing and Continuous Integration,https://www.youtube.com/watch?v=Zu380IeA2Lk,1211,https://i.ytimg.com/vi/Zu380IeA2Lk/hqdefault.jpg?sqp=-oaymwEcCNACELwBSFXyq4qpAw4IARUAAIhCGAFwAcABBg==&rs=AOn4CLAH4haiNpDiNnmhc1pUMYjjq5YCrA
CircleCI Part 3: Continuous Integration with GitHub,https://www.youtube.com/watch?v=0OjEx2UzLUI,1655,https://i.ytimg.com/vi/0OjEx2UzLUI/hqdefault.jpg?sqp=-oaymwEcCNACELwBSFXyq4qpAw4IARUAAIhCGAFwAcABBg==&rs=AOn4CLCk4Hj6__Ear42Yg-05GplxuKTkfg
CircleCI Part 2: Unit Testing with Jest,https://www.youtube.com/watch?v=S3QwafQEvSs,692,https://i.ytimg.com/vi/S3QwafQEvSs/hqdefault.jpg?sqp=-oaymwEcCNACELwBSFXyq4qpAw4IARUAAIhCGAFwAcABBg==&rs=AOn4CLDusYghNzZ0myXiVyY0c9m-qXsqJw
CircleCI Part 1: Introduction to Unit Testing and Continuous Integration,https://www.youtube.com/watch?v=CB7vnoXI0pE,819,https://i.ytimg.com/vi/CB7vnoXI0pE/hqdefault.jpg?sqp=-oaymwEcCNACELwBSFXyq4qpAw4IARUAAIhCGAFwAcABBg==&rs=AOn4CLA5RzAL17UQFmW3OkZUOAQvA49fnQ
Reporting a WebGL Bug for p5.js,https://www.youtube.com/watch?v=hSHUojJaiYE,1151,https://i.ytimg.com/vi/hSHUojJaiYE/hqdefault.jpg?sqp=-oaymwEcCNACELwBSFXyq4qpAw4IARUAAIhCGAFwAcABBg==&rs=AOn4CLBi-04SiRriKXzAQt1cpvuhq-xXkA
ITP Winter Show 2017,https://www.youtube.com/watch?v=uCiV-QK28-k,742,https://i.ytimg.com/vi/uCiV-QK28-k/hqdefault.jpg?sqp=-oaymwEcCNACELwBSFXyq4qpAw4IARUAAIhCGAFwAcABBg==&rs=AOn4CLAkZTNa_vlMhKAxBBZYZpsmUrRHCQ
The Coding Train - Processing Community Day 2017,https://www.youtube.com/watch?v=4KBk_QYLIyI,3529,https://i.ytimg.com/vi/4KBk_QYLIyI/hqdefault.jpg?sqp=-oaymwEcCNACELwBSFXyq4qpAw4IARUAAIhCGAFwAcABBg==&rs=AOn4CLCjZpGJqlS3euEq8Gip24duw5hZQQ
Guest Tutorial #7: Circle Morphing with Golan Levin,https://www.youtube.com/watch?v=mvgcNOX8JGQ,1838,https://i.ytimg.com/vi/mvgcNOX8JGQ/hqdefault.jpg?sqp=-oaymwEcCNACELwBSFXyq4qpAw4IARUAAIhCGAFwAcABBg==&rs=AOn4CLBdaob3oEVUZR1g4yZIqA5IyqJGjQ
Guest Tutorial #6: The Modulo Operator with Golan Levin,https://www.youtube.com/watch?v=r5Iy3v1co0A,1048,https://i.ytimg.com/vi/r5Iy3v1co0A/hqdefault.jpg?sqp=-oaymwEcCNACELwBSFXyq4qpAw4IARUAAIhCGAFwAcABBg==&rs=AOn4CLCnxskVnfDzaFyWedihRShtYeCJfQ
Update on Machine Learning Video Series,https://www.youtube.com/watch?v=Ad4mEinpNSM,174,https://i.ytimg.com/vi/Ad4mEinpNSM/hqdefault.jpg?sqp=-oaymwEcCNACELwBSFXyq4qpAw4IARUAAIhCGAFwAcABBg==&rs=AOn4CLDzOpqGycEC5jiZUUfH8wNRzjR2vg
15.7: A Bot That Replies - Twitter Bot Tutorial,https://www.youtube.com/watch?v=ovOtQxLwSzQ,715,https://i.ytimg.com/vi/ovOtQxLwSzQ/hqdefault.jpg?sqp=-oaymwEcCNACELwBSFXyq4qpAw4IARUAAIhCGAFwAcABBg==&rs=AOn4CLDVQma8OfIcGwtxdEn02Y6_NXTX6w
Community Coding Projects,https://www.youtube.com/watch?v=flWfS9hMDEY,478,https://i.ytimg.com/vi/flWfS9hMDEY/hqdefault.jpg?sqp=-oaymwEcCNACELwBSFXyq4qpAw4IARUAAIhCGAFwAcABBg==&rs=AOn4CLAiU9VZm2N4LExqQxusY2NK2AQXaw
The Coding Train!,https://www.youtube.com/watch?v=PBsUD40nPkI,63,https://i.ytimg.com/vi/PBsUD40nPkI/hqdefault.jpg?sqp=-oaymwEcCNACELwBSFXyq4qpAw4IARUAAIhCGAFwAcABBg==&rs=AOn4CLDxaGjx9GthgfmAq6f4cqlJcbYXVA
Guest Tutorial #5: Brick Breaker with Yining Shi,https://www.youtube.com/watch?v=5kEPixL8JoU,3748,https://i.ytimg.com/vi/5kEPixL8JoU/hqdefault.jpg?sqp=-oaymwEcCNACELwBSFXyq4qpAw4IARUAAIhCGAFwAcABBg==&rs=AOn4CLD0XX4r87xVT253WUdFUzRVQ-hbww
How to use scale() in p5.js,https://www.youtube.com/watch?v=pkHZTWOoTLM,500,https://i.ytimg.com/vi/pkHZTWOoTLM/hqdefault.jpg?sqp=-oaymwEcCNACELwBSFXyq4qpAw4IARUAAIhCGAFwAcABBg==&rs=AOn4CLD2JR6NJJS9sIFBliz68M_47k8CqA
"How to Rotate Shapes in p5.js (translate, rotate, push, pop)",https://www.youtube.com/watch?v=o9sgjuh-CBM,1375,https://i.ytimg.com/vi/o9sgjuh-CBM/hqdefault.jpg?sqp=-oaymwEcCNACELwBSFXyq4qpAw4IARUAAIhCGAFwAcABBg==&rs=AOn4CLAzZweCwocXf_j7lK_pYDtBRnGc9Q
Coding Train Live 99: Back from Hiatus!,https://www.youtube.com/watch?v=x9Qav-Dqzw8,6134,https://i.ytimg.com/vi/x9Qav-Dqzw8/hqdefault.jpg?sqp=-oaymwEcCNACELwBSFXyq4qpAw4IARUAAIhCGAFwAcABBg==&rs=AOn4CLDFd-I6rdDQA-Sd_F3lmFntZOhKvA
ITP Spring Show 2017,https://www.youtube.com/watch?v=Q_SbbqpoMnM,921,https://i.ytimg.com/vi/Q_SbbqpoMnM/hqdefault.jpg?sqp=-oaymwEcCNACELwBSFXyq4qpAw4IARUAAIhCGAFwAcABBg==&rs=AOn4CLAgpRIaf4jnHGXWhcQW6dtf3Pcm0Q
3.1: Introduction to Session 3 - What is Machine Learning?,https://www.youtube.com/watch?v=LvIa0-ZKCrc,1111,https://i.ytimg.com/vi/LvIa0-ZKCrc/hqdefault.jpg?sqp=-oaymwEcCNACELwBSFXyq4qpAw4IARUAAIhCGAFwAcABBg==&rs=AOn4CLCPhs9RdNmZaE6RbwuNmi1IUsvg8Q
Your Perfect Tech Talk with Saron Yitbarek,https://www.youtube.com/watch?v=AzVr_nsKoZs,1740,https://i.ytimg.com/vi/AzVr_nsKoZs/hqdefault.jpg?sqp=-oaymwEcCNACELwBSFXyq4qpAw4IARUAAIhCGAFwAcABBg==&rs=AOn4CLB8W6mQZzt1iBq6oO833aBtfk2b-g
Coding Train Studio Tour!,https://www.youtube.com/watch?v=JkznVy_Ciwk,1593,https://i.ytimg.com/vi/JkznVy_Ciwk/hqdefault.jpg?sqp=-oaymwEcCNACELwBSFXyq4qpAw4IARUAAIhCGAFwAcABBg==&rs=AOn4CLCkEIPH3Zi3Q_RabkiwTfihzGgQ8g
Coding Train Live 83: More Matter.js,https://www.youtube.com/watch?v=BOAMGfGO6Xs,8650,https://i.ytimg.com/vi/BOAMGfGO6Xs/hqdefault.jpg?sqp=-oaymwEcCNACELwBSFXyq4qpAw4IARUAAIhCGAFwAcABBg==&rs=AOn4CLDOwCrTqmfYuMVHOe7oIpkMuF2hDw
Coding Train Live 82: Physics Engines and Matter.js,https://www.youtube.com/watch?v=YKdvQYk7orE,7263,https://i.ytimg.com/vi/YKdvQYk7orE/hqdefault.jpg?sqp=-oaymwEcCNACELwBSFXyq4qpAw4IARUAAIhCGAFwAcABBg==&rs=AOn4CLCPL9rsLcG88-cRGSlRO5XAvYsuxA
Guest Tutorial #4: Matrix Digital Rain in p5.js with Emily Xie,https://www.youtube.com/watch?v=S1TQCi9axzg,2603,https://i.ytimg.com/vi/S1TQCi9axzg/hqdefault.jpg?sqp=-oaymwEcCNACELwBSFXyq4qpAw4IARUAAIhCGAFwAcABBg==&rs=AOn4CLBEuNtkIzzwFjj9i6OWAvfSXLk6bQ
Q&A #7.3: Comparing p5.js and Processing - Part 3,https://www.youtube.com/watch?v=_y8rEHjqzRA,580,https://i.ytimg.com/vi/_y8rEHjqzRA/hqdefault.jpg?sqp=-oaymwEcCNACELwBSFXyq4qpAw4IARUAAIhCGAFwAcABBg==&rs=AOn4CLDb_Cxx2rM9mqD27a2bOWo83_kQFA
Q&A #7.2: Comparing p5.js and Processing - Part 2,https://www.youtube.com/watch?v=AsjPJ5AWkDc,1356,https://i.ytimg.com/vi/AsjPJ5AWkDc/hqdefault.jpg?sqp=-oaymwEcCNACELwBSFXyq4qpAw4IARUAAIhCGAFwAcABBg==&rs=AOn4CLD1LpitU5w11WarVd81wUXjpG3-pA
Q&A #7.1: Comparing p5.js and Processing - Part 1,https://www.youtube.com/watch?v=AmlAiKsiy0o,964,https://i.ytimg.com/vi/AmlAiKsiy0o/hqdefault.jpg?sqp=-oaymwEcCNACELwBSFXyq4qpAw4IARUAAIhCGAFwAcABBg==&rs=AOn4CLBFDXEWot0baUXptIv4pgj-NQNVpA
ITP Winter Show 2016,https://www.youtube.com/watch?v=Snv_TNrKnIU,988,https://i.ytimg.com/vi/Snv_TNrKnIU/hqdefault.jpg?sqp=-oaymwEcCNACELwBSFXyq4qpAw4IARUAAIhCGAFwAcABBg==&rs=AOn4CLBKjiBz8DIuPE268T1PUPm9bXQcGQ
Guest Tutorial #3: Spring Animations and p5.js with Val Head,https://www.youtube.com/watch?v=VWfXiSUDquw,582,https://i.ytimg.com/vi/VWfXiSUDquw/hqdefault.jpg?sqp=-oaymwEcCNACELwBSFXyq4qpAw4IARUAAIhCGAFwAcABBg==&rs=AOn4CLCN8D-YgzcRI23bZSIfInoRSY8jGQ
Guest Tutorial #2: Web Animations and Mo.js with Sarah Drasner,https://www.youtube.com/watch?v=yRxWa8lXasI,921,https://i.ytimg.com/vi/yRxWa8lXasI/hqdefault.jpg?sqp=-oaymwEcCNACELwBSFXyq4qpAw4IARUAAIhCGAFwAcABBg==&rs=AOn4CLA6x8B8JDI530KZd8b1XyZITu7AJA
Guest Tutorial #1: Particle.io Board and p5.js with Tega Brain,https://www.youtube.com/watch?v=0QjgnEBp__U,1622,https://i.ytimg.com/vi/0QjgnEBp__U/hqdefault.jpg?sqp=-oaymwEcCNACELwBSFXyq4qpAw4IARUAAIhCGAFwAcABBg==&rs=AOn4CLCr79cTXTRZNKK9RrnTtAiMQaqEjA
The Coding Train!,https://www.youtube.com/watch?v=_t0ZBAk72K8,98,https://i.ytimg.com/vi/_t0ZBAk72K8/hqdefault.jpg?sqp=-oaymwEcCNACELwBSFXyq4qpAw4IARUAAIhCGAFwAcABBg==&rs=AOn4CLDSo87fD5CvEoSmnaPLZFdWxU84-g
Live Stream #65: Session 7 - Programming from A to Z,https://www.youtube.com/watch?v=X6IPcExkG30,9649,https://i.ytimg.com/vi/X6IPcExkG30/hqdefault.jpg?sqp=-oaymwEcCNACELwBSFXyq4qpAw4IARUAAIhCGAFwAcABBg==&rs=AOn4CLAtyG9nUuHK16QwtWvzdgHMbye1bw
Live Stream #64: Session 6 - Programming from A to Z,https://www.youtube.com/watch?v=4DR0ryGSYJQ,6770,https://i.ytimg.com/vi/4DR0ryGSYJQ/hqdefault.jpg?sqp=-oaymwEcCNACELwBSFXyq4qpAw4IARUAAIhCGAFwAcABBg==&rs=AOn4CLC-LYqXbjXjjSuxAu-X7j8XbfNvAA
Q&A #6: p5.js Sketch as Background,https://www.youtube.com/watch?v=OIfEHD3KqCg,622,https://i.ytimg.com/vi/OIfEHD3KqCg/hqdefault.jpg?sqp=-oaymwEcCNACELwBSFXyq4qpAw4IARUAAIhCGAFwAcABBg==&rs=AOn4CLD3ABmV_qAtM2q3R1iQ3Wkgk8Wv6w
17.11: Sound Visualization: Frequency Analysis with FFT - p5.js Sound Tutorial,https://www.youtube.com/watch?v=2O3nm0Nvbi4,1067,https://i.ytimg.com/vi/2O3nm0Nvbi4/hqdefault.jpg?sqp=-oaymwEcCNACELwBSFXyq4qpAw4IARUAAIhCGAFwAcABBg==&rs=AOn4CLBZsTj_guQ1crS1ItAxB3--MBR5Uw
17.10: Sound Visualization: Radial Graph - p5.js Sound Tutorial,https://www.youtube.com/watch?v=h_aTgOl9J5I,233,https://i.ytimg.com/vi/h_aTgOl9J5I/hqdefault.jpg?sqp=-oaymwEcCNACELwBSFXyq4qpAw4IARUAAIhCGAFwAcABBg==&rs=AOn4CLDEt1mT2CLzAsz1XfOCP3sFKuJpkg
17.9: Sound Visualization: Graphing Amplitude - p5.js Sound Tutorial,https://www.youtube.com/watch?v=jEwAMgcCgOA,816,https://i.ytimg.com/vi/jEwAMgcCgOA/hqdefault.jpg?sqp=-oaymwEcCNACELwBSFXyq4qpAw4IARUAAIhCGAFwAcABBg==&rs=AOn4CLBL5mhSRrpVP1BHGJlafWnACVsdyg
17.8: Microphone Input - p5.js Sound Tutorial,https://www.youtube.com/watch?v=q2IDNkUws-A,431,https://i.ytimg.com/vi/q2IDNkUws-A/hqdefault.jpg?sqp=-oaymwEcCNACELwBSFXyq4qpAw4IARUAAIhCGAFwAcABBg==&rs=AOn4CLC4fLWeW58a5Ek2cvo1zX0zlvlfEw
Live Stream #62: Week 5 of Programming from A to Z,https://www.youtube.com/watch?v=jXOIp2NOsaI,11686,https://i.ytimg.com/vi/jXOIp2NOsaI/hqdefault.jpg?sqp=-oaymwEcCNACELwBSFXyq4qpAw4IARUAAIhCGAFwAcABBg==&rs=AOn4CLAuQPXfmQ35yCx0YrXwpjMtmM5zVQ
Accessibility with Claire Kearney-Volpe and Chancey Fleet,https://www.youtube.com/watch?v=8w_S17dZ2Do,1479,https://i.ytimg.com/vi/8w_S17dZ2Do/hqdefault.jpg?sqp=-oaymwEcCNACELwBSFXyq4qpAw4IARUAAIhCGAFwAcABBg==&rs=AOn4CLCF9eIVf7D6-yrdD2JXnIEbAxtW8w
Live Stream #59: Week 1 of Programming from A to Z,https://www.youtube.com/watch?v=UTq0RQwnU3s,11143,https://i.ytimg.com/vi/UTq0RQwnU3s/hqdefault.jpg?sqp=-oaymwEcCNACELwBSFXyq4qpAw4IARUAAIhCGAFwAcABBg==&rs=AOn4CLARYH9oqAAlrTh7Hl6rIcV2dbLGaQ
Q&A #5: The History of p5.js and Processing,https://www.youtube.com/watch?v=FdsWWjqoPKU,1500,https://i.ytimg.com/vi/FdsWWjqoPKU/hqdefault.jpg?sqp=-oaymwEcCNACELwBSFXyq4qpAw4IARUAAIhCGAFwAcABBg==&rs=AOn4CLAJNhgz3APXPwnBlz5L3WE-SMMhFQ
Live Stream #58: Networking Agar.io and the History of p5.js/Processing,https://www.youtube.com/watch?v=_cDPN2Ief6Q,8124,https://i.ytimg.com/vi/_cDPN2Ief6Q/hqdefault.jpg?sqp=-oaymwEcCNACELwBSFXyq4qpAw4IARUAAIhCGAFwAcABBg==&rs=AOn4CLCkgdzRvmLq0i9JCA5F7U_FC0dZwQ
Live Stream #57 - Traveling Salesperson,https://www.youtube.com/watch?v=r_SpBy9fQuo,8001,https://i.ytimg.com/vi/r_SpBy9fQuo/hqdefault.jpg?sqp=-oaymwEcCNACELwBSFXyq4qpAw4IARUAAIhCGAFwAcABBg==&rs=AOn4CLAcP5mwRxlfztedWT7vT0zFV77Kjg
Live Stream #56: Poisson Disc Sampling and Diffusion-Limited Aggregation,https://www.youtube.com/watch?v=2S0J5iiQ0nw,10305,https://i.ytimg.com/vi/2S0J5iiQ0nw/hqdefault.jpg?sqp=-oaymwEcCNACELwBSFXyq4qpAw4IARUAAIhCGAFwAcABBg==&rs=AOn4CLAEY6M5sa6PVMiazQWEEwdlIBqKvA
Live Stream #55 - Flappy Bird and Agar.io Clones,https://www.youtube.com/watch?v=eOii4P7WYbY,6060,https://i.ytimg.com/vi/eOii4P7WYbY/hqdefault.jpg?sqp=-oaymwEcCNACELwBSFXyq4qpAw4IARUAAIhCGAFwAcABBg==&rs=AOn4CLA03yvQ0h5fDv7dZonrV2gOayMEkg
"Live Stream #53 - Smart Rockets, CodePen and Arguments Array in JS",https://www.youtube.com/watch?v=A01_aKgIeCo,10139,https://i.ytimg.com/vi/A01_aKgIeCo/hqdefault.jpg?sqp=-oaymwEcCNACELwBSFXyq4qpAw4IARUAAIhCGAFwAcABBg==&rs=AOn4CLDQ9PoiaKD2p57aYGEBXHLwFhq-jg
Q&A #4: Loading Animation in p5.js,https://www.youtube.com/watch?v=z6ym480PQvE,956,https://i.ytimg.com/vi/z6ym480PQvE/hqdefault.jpg?sqp=-oaymwEcCNACELwBSFXyq4qpAw4IARUAAIhCGAFwAcABBg==&rs=AOn4CLCvxJJSPjKNIQc2S7ruXIjEQuum1Q
Q&A #3: How to contribute to p5.js,https://www.youtube.com/watch?v=0_u8OPQ4-NM,696,https://i.ytimg.com/vi/0_u8OPQ4-NM/hqdefault.jpg?sqp=-oaymwEcCNACELwBSFXyq4qpAw4IARUAAIhCGAFwAcABBg==&rs=AOn4CLBuCXlF-0A5Gj_0Gzu-OTdzCpKM2A
Q&A #2: What is WEBGL in p5.js?,https://www.youtube.com/watch?v=BrFZ5RkywcY,1169,https://i.ytimg.com/vi/BrFZ5RkywcY/hqdefault.jpg?sqp=-oaymwEcCNACELwBSFXyq4qpAw4IARUAAIhCGAFwAcABBg==&rs=AOn4CLDgwcBl1Jco71OQsjthrs6q5BL1OA
Coding Train Live Stream 48 - Computer Vision and Fireworks!,https://www.youtube.com/watch?v=ATWOjXdRIoo,11003,https://i.ytimg.com/vi/ATWOjXdRIoo/hqdefault.jpg?sqp=-oaymwEcCNACELwBSFXyq4qpAw4IARUAAIhCGAFwAcABBg==&rs=AOn4CLCuMN21g0nX_ITf5NpYtqNg5JsM_Q
Live Stream #47 - 3D Supershapes and Spherical Geometry,https://www.youtube.com/watch?v=m8WhMeW8jj0,8204,https://i.ytimg.com/vi/m8WhMeW8jj0/hqdefault.jpg?sqp=-oaymwEcCNACELwBSFXyq4qpAw4IARUAAIhCGAFwAcABBg==&rs=AOn4CLClQyEfEqg673ocTzFx8Q51PQ8gLA
Perlin Noise Detail in p5.js,https://www.youtube.com/watch?v=D1BBj2VaBl4,268,https://i.ytimg.com/vi/D1BBj2VaBl4/hqdefault.jpg?sqp=-oaymwEcCNACELwBSFXyq4qpAw4IARUAAIhCGAFwAcABBg==&rs=AOn4CLAJyx4yIM23_pVtXkWPBc8JvxhIWg
Perlin Noise in Two Dimensions (p5.js),https://www.youtube.com/watch?v=ikwNrFvnL3g,692,https://i.ytimg.com/vi/ikwNrFvnL3g/hqdefault.jpg?sqp=-oaymwEcCNACELwBSFXyq4qpAw4IARUAAIhCGAFwAcABBg==&rs=AOn4CLDscRc6wIOAFd4C1muRut0asYiVgA
How to Graph Perlin Noise with p5.js,https://www.youtube.com/watch?v=y7sgcFhk6ZM,816,https://i.ytimg.com/vi/y7sgcFhk6ZM/hqdefault.jpg?sqp=-oaymwEcCNACELwBSFXyq4qpAw4IARUAAIhCGAFwAcABBg==&rs=AOn4CLDc5rzpKKE1LvZfesMiHcm0piFh0w
Noise vs Random in p5.js,https://www.youtube.com/watch?v=YcdldZ1E9gU,647,https://i.ytimg.com/vi/YcdldZ1E9gU/hqdefault.jpg?sqp=-oaymwEcCNACELwBSFXyq4qpAw4IARUAAIhCGAFwAcABBg==&rs=AOn4CLB1qlJLQHAIC6r4aAxHKsG4VzBoHA
Perlin Noise in p5.js,https://www.youtube.com/watch?v=Qf4dIN99e2w,693,https://i.ytimg.com/vi/Qf4dIN99e2w/hqdefault.jpg?sqp=-oaymwEcCNACELwBSFXyq4qpAw4IARUAAIhCGAFwAcABBg==&rs=AOn4CLB6imTvOPMrqG3mwKJFgKdTyy7XnA
17.7: ADSR Envelope - p5.js Sound Tutorial,https://www.youtube.com/watch?v=wUSva_BnedA,629,https://i.ytimg.com/vi/wUSva_BnedA/hqdefault.jpg?sqp=-oaymwEcCNACELwBSFXyq4qpAw4IARUAAIhCGAFwAcABBg==&rs=AOn4CLAJlsA8AF5DBuPu7XY-pH6enuoFtA
17.6: Sound Synthesis - p5.js Sound Tutorial,https://www.youtube.com/watch?v=Bk8rLzzSink,927,https://i.ytimg.com/vi/Bk8rLzzSink/hqdefault.jpg?sqp=-oaymwEcCNACELwBSFXyq4qpAw4IARUAAIhCGAFwAcABBg==&rs=AOn4CLAiXRhzUByH-lK81NVPCsXuvaGtyQ
"Live Stream #45: Sound Synthesis, Envelope and Supershapes",https://www.youtube.com/watch?v=b_MMGJiUcbM,7725,https://i.ytimg.com/vi/b_MMGJiUcbM/hqdefault.jpg?sqp=-oaymwEcCNACELwBSFXyq4qpAw4IARUAAIhCGAFwAcABBg==&rs=AOn4CLAZhvRnRc7K7xGucA7eYygMuCbOaQ
17.5: Adding Sound Effects - p5.js Sound Tutorial,https://www.youtube.com/watch?v=40Me1-yAtTc,1099,https://i.ytimg.com/vi/40Me1-yAtTc/hqdefault.jpg?sqp=-oaymwEcCNACELwBSFXyq4qpAw4IARUAAIhCGAFwAcABBg==&rs=AOn4CLCS2OI6i0Kuiypj_JrW9j2f1iCDzA
17.4: Amplitude Analysis - p5.js Sound Tutorial,https://www.youtube.com/watch?v=NCCHQwNAN6Y,439,https://i.ytimg.com/vi/NCCHQwNAN6Y/hqdefault.jpg?sqp=-oaymwEcCNACELwBSFXyq4qpAw4IARUAAIhCGAFwAcABBg==&rs=AOn4CLDImD7y7vcznyg7Sc7pWTEFq9fEfQ
"17.3: Timing, Jumps and Cues - p5.js Sound Tutorial",https://www.youtube.com/watch?v=SfA5CghXw18,770,https://i.ytimg.com/vi/SfA5CghXw18/hqdefault.jpg?sqp=-oaymwEcCNACELwBSFXyq4qpAw4IARUAAIhCGAFwAcABBg==&rs=AOn4CLCwh3oWZIusHtcru20TDE_u008MIw
17.2: Play and Pause Button - p5.js Sound Tutorial,https://www.youtube.com/watch?v=YcezEwOXun4,376,https://i.ytimg.com/vi/YcezEwOXun4/hqdefault.jpg?sqp=-oaymwEcCNACELwBSFXyq4qpAw4IARUAAIhCGAFwAcABBg==&rs=AOn4CLCZ7YHQOiT4mw2HcahV9XyIv60W_A
17.1: Loading and Playing - p5.js Sound Tutorial,https://www.youtube.com/watch?v=Pn1g1wjxl_0,1033,https://i.ytimg.com/vi/Pn1g1wjxl_0/hqdefault.jpg?sqp=-oaymwEcCNACELwBSFXyq4qpAw4IARUAAIhCGAFwAcABBg==&rs=AOn4CLDi_P-HRnF-9Q6Hn4rS7_CKlIZxhA
1.8: GitHub Pages - Git and GitHub for Poets,https://www.youtube.com/watch?v=bFVtrlyH-kc,778,https://i.ytimg.com/vi/bFVtrlyH-kc/hqdefault.jpg?sqp=-oaymwEcCNACELwBSFXyq4qpAw4IARUAAIhCGAFwAcABBg==&rs=AOn4CLCYSXn1d8V_f0VqGKpf8jOhMapj-Q
Q&A #1: Side-Scroller in p5.js,https://www.youtube.com/watch?v=Ouza_4SsbLc,1596,https://i.ytimg.com/vi/Ouza_4SsbLc/hqdefault.jpg?sqp=-oaymwEcCNACELwBSFXyq4qpAw4IARUAAIhCGAFwAcABBg==&rs=AOn4CLA8O1uIzBlqf1xZuWEebw4Pkdk5QA
1.7: git init and git add - Git and GitHub for Poets,https://www.youtube.com/watch?v=9p2d-CuVlgc,775,https://i.ytimg.com/vi/9p2d-CuVlgc/hqdefault.jpg?sqp=-oaymwEcCNACELwBSFXyq4qpAw4IARUAAIhCGAFwAcABBg==&rs=AOn4CLDFLUnAC45IR9XeKAlE63fuEU0WsQ
Live Stream #38: Viewer Submitted Questions + the Lorenz System,https://www.youtube.com/watch?v=gw_TR1tycWQ,5322,https://i.ytimg.com/vi/gw_TR1tycWQ/hqdefault.jpg?sqp=-oaymwEcCNACELwBSFXyq4qpAw4IARUAAIhCGAFwAcABBg==&rs=AOn4CLBRHQWEffzOCfRcwz_fmxmZiuBGoA
1.6: Cloning Repo and Push/Pull - Git and GitHub for Poets,https://www.youtube.com/watch?v=yXT1ElMEkW8,1310,https://i.ytimg.com/vi/yXT1ElMEkW8/hqdefault.jpg?sqp=-oaymwEcCNACELwBSFXyq4qpAw4IARUAAIhCGAFwAcABBg==&rs=AOn4CLDTCAAPgRe8b9sWmorafRu_jXXH6A
1.5: Intro to the Command Line - Git and GitHub for Poets,https://www.youtube.com/watch?v=oK8EvVeVltE,545,https://i.ytimg.com/vi/oK8EvVeVltE/hqdefault.jpg?sqp=-oaymwEcCNACELwBSFXyq4qpAw4IARUAAIhCGAFwAcABBg==&rs=AOn4CLBOwPH0W0XyqBfnf9HZPy9zsV7fXA
1.4: GitHub Issues - Git and GitHub for Poets,https://www.youtube.com/watch?v=WMykv2ZMyEQ,691,https://i.ytimg.com/vi/WMykv2ZMyEQ/hqdefault.jpg?sqp=-oaymwEcCNACELwBSFXyq4qpAw4IARUAAIhCGAFwAcABBg==&rs=AOn4CLCDEiGubmmr8xnDn79DLrtlNhtDqA
1.3: Forks and Pull Requests - Git and GitHub for Poets,https://www.youtube.com/watch?v=_NrSWLQsDL4,743,https://i.ytimg.com/vi/_NrSWLQsDL4/hqdefault.jpg?sqp=-oaymwEcCNACELwBSFXyq4qpAw4IARUAAIhCGAFwAcABBg==&rs=AOn4CLA4khs7K7EL4mk0UXUY5zYd7fRjBA
1.2: Branches - Git and GitHub for Poets,https://www.youtube.com/watch?v=oPpnCh7InLY,715,https://i.ytimg.com/vi/oPpnCh7InLY/hqdefault.jpg?sqp=-oaymwEcCNACELwBSFXyq4qpAw4IARUAAIhCGAFwAcABBg==&rs=AOn4CLABN0khTEqSy01lh3tZX9S2W2h_yA
1.1: Introduction - Git and GitHub for Poets,https://www.youtube.com/watch?v=BCQHnlnPusY,824,https://i.ytimg.com/vi/BCQHnlnPusY/hqdefault.jpg?sqp=-oaymwEcCNACELwBSFXyq4qpAw4IARUAAIhCGAFwAcABBg==&rs=AOn4CLCjRtVHSIf1vjsJKBWYggxTvuBB5w
14.3: Dynamic Text (contenteditable attribute) - Hamilton Lottery Simulator with p5.js,https://www.youtube.com/watch?v=LoSJN9QYpz0,934,https://i.ytimg.com/vi/LoSJN9QYpz0/hqdefault.jpg?sqp=-oaymwEcCNACELwBSFXyq4qpAw4IARUAAIhCGAFwAcABBg==&rs=AOn4CLBOXEVx4MghDMNyKmz2vxEOb1u-3w
"14.1: The Mathematics (Probability, Logarithm) - Hamilton Lottery Simulator with p5.js",https://www.youtube.com/watch?v=bwKQPIyyVQw,820,https://i.ytimg.com/vi/bwKQPIyyVQw/hqdefault.jpg?sqp=-oaymwEcCNACELwBSFXyq4qpAw4IARUAAIhCGAFwAcABBg==&rs=AOn4CLCnXrGhA0yI6EYaWr-K-H0EQmtCJQ
"14.2: The Code (HTML, CSS, and JavaScript) - Hamilton Lottery Simulator with p5.js",https://www.youtube.com/watch?v=ZyiYux7Zqzc,707,https://i.ytimg.com/vi/ZyiYux7Zqzc/hqdefault.jpg?sqp=-oaymwEcCNACELwBSFXyq4qpAw4IARUAAIhCGAFwAcABBg==&rs=AOn4CLD1bseQCO3o3ISX1Q-0lpqssJD75Q
p5.js Github Issue #1079,https://www.youtube.com/watch?v=6t9m1ePK_-8,831,https://i.ytimg.com/vi/6t9m1ePK_-8/hqdefault.jpg?sqp=-oaymwEcCNACELwBSFXyq4qpAw4IARUAAIhCGAFwAcABBg==&rs=AOn4CLBBEbAiwSPeZ5vX9CbXyFEjq0bKjA
15.9: Amazon EC2 Deployment - Twitter Bot Tutorial,https://www.youtube.com/watch?v=26bajyD4fLg,1980,https://i.ytimg.com/vi/26bajyD4fLg/hqdefault.jpg?sqp=-oaymwEcCNACELwBSFXyq4qpAw4IARUAAIhCGAFwAcABBg==&rs=AOn4CLB9rjFBo-OLU6ABZs8lKUUohAxEGQ
15.8: Heroku Deployment - Twitter Bot Tutorial,https://www.youtube.com/watch?v=DwWPunpypNA,921,https://i.ytimg.com/vi/DwWPunpypNA/hqdefault.jpg?sqp=-oaymwEcCNACELwBSFXyq4qpAw4IARUAAIhCGAFwAcABBg==&rs=AOn4CLDxgCXf71LGa4F3RWsgCGH5gu8yIQ
Tutorial: How to render Processing sketch as a movie,https://www.youtube.com/watch?v=G2hI9XL6oyk,821,https://i.ytimg.com/vi/G2hI9XL6oyk/hqdefault.jpg?sqp=-oaymwE2CNACELwBSFXyq4qpAygIARUAAIhCGAFwAcABBvABAfgB_gmAAtAFigIMCAAQARhiIGIoYjAP&rs=AOn4CLBlMcmMy40KYv3riyFc-lFBe3EDfw
15.6: Tweeting images with Processing - Twitter Bot Tutorial,https://www.youtube.com/watch?v=mUoIPmZ4KwA,1314,https://i.ytimg.com/vi/mUoIPmZ4KwA/hqdefault.jpg?sqp=-oaymwEcCNACELwBSFXyq4qpAw4IARUAAIhCGAFwAcABBg==&rs=AOn4CLBfPN3uyC1lNahQ1BIxJ6UHr8923g
15.5: Scheduling Tweets Using setInterval() - Twitter Bot Tutorial,https://www.youtube.com/watch?v=ZvsqQjwrISQ,954,https://i.ytimg.com/vi/ZvsqQjwrISQ/hqdefault.jpg?sqp=-oaymwEcCNACELwBSFXyq4qpAw4IARUAAIhCGAFwAcABBg==&rs=AOn4CLDbqkEs1l3lAxbXvfAcpZLogUlxVQ
15.4: Twitter API Basics - Twitter Bot Tutorial,https://www.youtube.com/watch?v=7-nX3YOC4OA,1035,https://i.ytimg.com/vi/7-nX3YOC4OA/hqdefault.jpg?sqp=-oaymwEcCNACELwBSFXyq4qpAw4IARUAAIhCGAFwAcABBg==&rs=AOn4CLCM__MushqnhaOHnSmlYDRCr0i-aQ
15.3: Setting up a Twitter app - Twitter Bot Tutorial,https://www.youtube.com/watch?v=GQC2lJIAyzM,923,https://i.ytimg.com/vi/GQC2lJIAyzM/hqdefault.jpg?sqp=-oaymwEcCNACELwBSFXyq4qpAw4IARUAAIhCGAFwAcABBg==&rs=AOn4CLDEfzzKOOmkH7lTmPACNEKoIVh74A
15.2: What is NPM? - Twitter Bot Tutorial,https://www.youtube.com/watch?v=s70-Vsud9Vk,807,https://i.ytimg.com/vi/s70-Vsud9Vk/hqdefault.jpg?sqp=-oaymwEcCNACELwBSFXyq4qpAw4IARUAAIhCGAFwAcABBg==&rs=AOn4CLDftI7hzU9WRCaZ8EXCxwSqEEuc-A
15.1: What is Node.js? - Twitter Bot Tutorial,https://www.youtube.com/watch?v=RF5_MPSNAtU,913,https://i.ytimg.com/vi/RF5_MPSNAtU/hqdefault.jpg?sqp=-oaymwEcCNACELwBSFXyq4qpAw4IARUAAIhCGAFwAcABBg==&rs=AOn4CLC9pdFFh6BWgG6XFnaaaAtUwLFkog
Hello and welcome! (Learn about code?),https://www.youtube.com/watch?v=XCUEpmBnqfs,114,https://i.ytimg.com/vi/XCUEpmBnqfs/hqdefault.jpg?sqp=-oaymwEcCNACELwBSFXyq4qpAw4IARUAAIhCGAFwAcABBg==&rs=AOn4CLDUFpk5zDZ3psKpEfOwg6I4dwyQow
Arrays in Processing 3 (Java),https://www.youtube.com/watch?v=5tSBbWySCC0,1012,https://i.ytimg.com/vi/5tSBbWySCC0/hqdefault.jpg?sqp=-oaymwE2CNACELwBSFXyq4qpAygIARUAAIhCGAFwAcABBvABAfgB_gmAAtAFigIMCAAQARhlIGUoZTAP&rs=AOn4CLASQMMNf5iz3oLRiiALBIz8Uym9Ug
